Date,Word,Count
2024-01-01.txt,Apollo,1
2024-01-02.txt,Apollo,1
2024-01-03.txt,Apollo,1
2024-01-04.txt,Apollo,0
2024-01-05.txt,Apollo,0
2024-01-06.txt,Apollo,1
2024-01-07.txt,Apollo,0
2024-01-08.txt,Apollo,0
2024-01-09.txt,Apollo,1
2024-01-10.txt,Apollo,0
2024-01-11.txt,Apollo,0
2024-01-12.txt,Apollo,1
2024-01-13.txt,Apollo,1
2024-01-14.txt,Apollo,0
2024-01-15.txt,Apollo,1
2024-01-16.txt,Apollo,1
2024-01-17.txt,Apollo,1
2024-01-18.txt,Apollo,1
2024-01-19.txt,Apollo,0
2024-01-20.txt,Apollo,0
2024-01-21.txt,Apollo,1
2024-01-22.txt,Apollo,0
2024-01-23.txt,Apollo,0
2024-01-24.txt,Apollo,1
2024-01-25.txt,Apollo,0
2024-01-26.txt,Apollo,0
2024-01-27.txt,Apollo,1
2024-01-28.txt,Apollo,1
2024-01-29.txt,Apollo,0
2024-01-30.txt,Apollo,1
2024-01-31.txt,Apollo,1
2024-02-01.txt,Apollo,1
2024-02-02.txt,Apollo,1
2024-02-03.txt,Apollo,0
2024-02-04.txt,Apollo,0
2024-02-05.txt,Apollo,1
2024-02-06.txt,Apollo,0
2024-02-07.txt,Apollo,0
2024-02-08.txt,Apollo,1
2024-02-09.txt,Apollo,0
2024-02-10.txt,Apollo,0
2024-02-11.txt,Apollo,1
2024-02-12.txt,Apollo,1
2024-02-13.txt,Apollo,0
2024-02-14.txt,Apollo,1
2024-02-15.txt,Apollo,1
2024-02-16.txt,Apollo,1
2024-02-17.txt,Apollo,1
2024-02-18.txt,Apollo,0
2024-02-19.txt,Apollo,0
2024-02-20.txt,Apollo,1
2024-02-21.txt,Apollo,0
2024-02-22.txt,Apollo,0
2024-02-23.txt,Apollo,1
2024-02-24.txt,Apollo,0
2024-02-25.txt,Apollo,0
2024-02-26.txt,Apollo,1
2024-02-27.txt,Apollo,1
2024-02-28.txt,Apollo,0
2024-02-29.txt,Apollo,1
2024-03-01.txt,Apollo,1
2024-03-02.txt,Apollo,1
2024-03-03.txt,Apollo,1
2024-03-04.txt,Apollo,0
2024-03-05.txt,Apollo,0
2024-03-06.txt,Apollo,1
2024-03-07.txt,Apollo,0
2024-03-08.txt,Apollo,0
2024-03-09.txt,Apollo,1
2024-03-10.txt,Apollo,0
2024-03-11.txt,Apollo,0
2024-03-12.txt,Apollo,1
2024-03-13.txt,Apollo,1
2024-03-14.txt,Apollo,0
2024-03-15.txt,Apollo,1
2024-03-16.txt,Apollo,1
2024-03-17.txt,Apollo,1
2024-03-18.txt,Apollo,1
2024-03-19.txt,Apollo,0
2024-03-20.txt,Apollo,0
2024-03-21.txt,Apollo,1
2024-03-22.txt,Apollo,0
2024-03-23.txt,Apollo,0
2024-03-24.txt,Apollo,1
2024-03-25.txt,Apollo,0
2024-03-26.txt,Apollo,0
2024-03-27.txt,Apollo,1
2024-03-28.txt,Apollo,1
2024-03-29.txt,Apollo,0
2024-03-30.txt,Apollo,1
2024-03-31.txt,Apollo,1
2024-04-01.txt,Apollo,1
2024-04-02.txt,Apollo,1
2024-04-03.txt,Apollo,0
2024-04-04.txt,Apollo,0
2024-04-05.txt,Apollo,1
2024-04-06.txt,Apollo,0
2024-04-07.txt,Apollo,0
2024-04-08.txt,Apollo,1
2024-04-09.txt,Apollo,0
2024-04-10.txt,Apollo,0
2024-04-11.txt,Apollo,1
2024-04-12.txt,Apollo,1
2024-04-13.txt,Apollo,0
2024-04-14.txt,Apollo,1
2024-04-15.txt,Apollo,1
2024-04-16.txt,Apollo,1
2024-04-17.txt,Apollo,1
2024-04-18.txt,Apollo,0
2024-04-19.txt,Apollo,0
2024-04-20.txt,Apollo,1
2024-04-21.txt,Apollo,0
2024-04-23.txt,Apollo,1
2024-04-24.txt,Apollo,0
2024-04-25.txt,Apollo,0
2024-04-26.txt,Apollo,1
2024-04-27.txt,Apollo,1
2024-04-28.txt,Apollo,0
2024-04-29.txt,Apollo,1
2024-04-30.txt,Apollo,1
2024-05-01.txt,Apollo,1
2024-05-02.txt,Apollo,1
2024-05-03.txt,Apollo,0
2024-05-04.txt,Apollo,0
2024-05-05.txt,Apollo,1
2024-05-06.txt,Apollo,0
2024-05-07.txt,Apollo,0
2024-05-08.txt,Apollo,1
2024-05-09.txt,Apollo,0
2024-05-10.txt,Apollo,0
2024-05-11.txt,Apollo,1
2024-05-12.txt,Apollo,1
2024-05-13.txt,Apollo,0
2024-05-14.txt,Apollo,1
2024-05-15.txt,Apollo,1
2024-05-16.txt,Apollo,1
2024-05-17.txt,Apollo,1
2024-05-18.txt,Apollo,0
2024-05-19.txt,Apollo,0
2024-05-20.txt,Apollo,1
2024-05-21.txt,Apollo,0
2024-05-22.txt,Apollo,0
2024-05-23.txt,Apollo,1
2024-05-24.txt,Apollo,0
2024-05-25.txt,Apollo,0
2024-05-26.txt,Apollo,1
2024-05-27.txt,Apollo,1
2024-05-28.txt,Apollo,0
2024-05-29.txt,Apollo,1
22024-04-22.txt,Apollo,0
